epoch,time,train/box_loss,train/cls_loss,train/dfl_loss,metrics/precision(B),metrics/recall(B),metrics/mAP50(B),metrics/mAP50-95(B),val/box_loss,val/cls_loss,val/dfl_loss,lr/pg0,lr/pg1,lr/pg2
1,1.54145,1.70227,4.46721,1.57941,0.00249,0.14167,0.0033,0.00113,1.51981,5.03034,1.57907,1.428e-05,1.428e-05,1.428e-05
2,2.76492,1.57815,4.35418,1.4708,0.31761,0.1683,0.11584,0.08699,1.52338,3.65473,1.55461,3.55233e-05,3.55233e-05,3.55233e-05
3,5.20346,1.59338,3.34669,1.54042,0.24742,0.65278,0.51382,0.3044,1.42795,2.50361,1.51405,5.65545e-05,5.65545e-05,5.65545e-05
4,7.57242,1.32039,2.10942,1.30531,0.6559,0.7358,0.78118,0.48834,1.33421,2.60201,1.50897,7.73737e-05,7.73737e-05,7.73737e-05
5,10.2024,1.10153,1.49443,1.15767,0.67214,0.7902,0.86366,0.57373,1.22335,2.7264,1.42308,9.79808e-05,9.79808e-05,9.79808e-05
6,12.7539,1.09849,1.36248,1.18643,0.56127,0.85658,0.88655,0.58749,1.18682,2.73062,1.36507,0.000118376,0.000118376,0.000118376
7,15.1578,1.13341,1.33433,1.20308,0.79141,0.77222,0.82803,0.58595,1.23338,2.10946,1.42214,0.000138559,0.000138559,0.000138559
8,16.8005,1.04335,1.13134,1.15786,0.71557,0.8043,0.83035,0.58717,1.24343,2.17406,1.40559,0.00015853,0.00015853,0.00015853
9,18.5289,0.95831,1.16001,1.13204,0.69501,0.59777,0.73442,0.53525,1.23317,1.99789,1.40469,0.000178289,0.000178289,0.000178289
10,20.1186,0.96022,1.00048,1.12777,0.58688,0.86731,0.75668,0.55474,1.28542,1.89467,1.44833,0.000197835,0.000197835,0.000197835
11,21.7993,0.92773,0.9883,1.05057,0.80221,0.77425,0.87836,0.61094,1.27884,1.75987,1.49222,0.00021717,0.00021717,0.00021717
12,24.1638,0.91603,0.92878,1.06184,0.69779,0.81433,0.81082,0.57245,1.21639,1.72759,1.46133,0.000236293,0.000236293,0.000236293
13,25.8442,0.94308,0.90133,1.08591,0.63525,0.87966,0.78934,0.55819,1.20116,1.86439,1.49872,0.000255204,0.000255204,0.000255204
14,27.4807,0.88065,0.88191,1.062,0.5785,0.8936,0.82858,0.58707,1.17765,1.81566,1.4525,0.000273902,0.000273902,0.000273902
15,29.1614,0.88497,0.93573,1.10097,0.63257,0.87093,0.84853,0.59675,1.1815,1.57673,1.4036,0.000292389,0.000292389,0.000292389
16,30.8796,0.88276,0.88147,1.07421,0.77006,0.82228,0.85426,0.58223,1.19855,1.56893,1.4423,0.000310663,0.000310663,0.000310663
17,32.5735,0.89094,0.85938,1.084,0.61547,0.78784,0.8032,0.53404,1.20081,1.86034,1.49481,0.000328726,0.000328726,0.000328726
18,34.3014,0.87115,0.81631,1.03702,0.60116,0.78494,0.80922,0.5926,1.23013,1.73779,1.55548,0.000346576,0.000346576,0.000346576
19,35.9709,0.88945,0.75893,1.09122,0.65356,0.79444,0.74803,0.56513,1.18312,1.82331,1.46781,0.000364214,0.000364214,0.000364214
20,37.5939,0.76099,0.7775,0.9908,0.57593,0.76944,0.71925,0.53797,1.20384,2.2542,1.44493,0.00038164,0.00038164,0.00038164
21,39.2348,0.79343,0.73612,1.03231,0.62361,0.69331,0.67743,0.51496,1.21175,1.86848,1.46385,0.000398855,0.000398855,0.000398855
22,40.924,0.79168,0.75335,1.02973,0.68014,0.69512,0.70119,0.50075,1.2238,1.37206,1.48656,0.000415857,0.000415857,0.000415857
23,42.5506,0.85205,0.75497,1.05083,0.76949,0.73398,0.75089,0.51794,1.22325,1.24801,1.49085,0.000432647,0.000432647,0.000432647
24,44.2115,0.79508,0.69521,1.00773,0.7326,0.71306,0.76274,0.52132,1.2822,1.25405,1.51571,0.000449225,0.000449225,0.000449225
25,45.8675,0.72297,0.68414,1.0022,0.77658,0.63056,0.74968,0.50985,1.27306,1.37839,1.51119,0.000465591,0.000465591,0.000465591
26,47.5341,0.73512,0.63609,0.97741,0.77888,0.62943,0.71425,0.48488,1.35162,1.55165,1.56614,0.000481745,0.000481745,0.000481745
27,49.2011,0.79944,0.69426,1.03525,0.79916,0.60556,0.71606,0.4879,1.33668,1.4479,1.61783,0.000497687,0.000497687,0.000497687
28,50.9262,0.77287,0.76003,1.01997,0.83244,0.61009,0.78803,0.53763,1.29199,1.44887,1.6073,0.000513416,0.000513416,0.000513416
29,52.5439,0.77718,0.70439,1.01345,0.83244,0.61009,0.78803,0.53763,1.29199,1.44887,1.6073,0.000528934,0.000528934,0.000528934
30,54.2091,0.79373,0.68441,1.01813,0.8009,0.59641,0.75472,0.54962,1.21896,1.65681,1.53786,0.00054424,0.00054424,0.00054424
31,55.8416,0.74131,0.66978,1.0159,0.59983,0.80002,0.79761,0.57979,1.22496,1.58753,1.53452,0.000559333,0.000559333,0.000559333
32,57.4823,0.70759,0.64557,0.97908,0.78758,0.72876,0.85967,0.6088,1.26437,1.6205,1.58813,0.000574215,0.000574215,0.000574215
33,59.104,0.76068,0.63581,0.95996,0.78758,0.72876,0.85967,0.6088,1.26437,1.6205,1.58813,0.000588884,0.000588884,0.000588884
34,60.7503,0.71894,0.65369,0.98372,0.80334,0.75007,0.85242,0.62263,1.22758,1.43523,1.59894,0.000597368,0.000597368,0.000597368
35,63.239,0.74271,0.62361,1.01128,0.80054,0.72716,0.8596,0.639,1.20009,1.26997,1.5626,0.000593834,0.000593834,0.000593834
36,65.6809,0.71396,0.61791,0.96708,0.78129,0.74123,0.86687,0.61033,1.1867,1.50582,1.53121,0.0005903,0.0005903,0.0005903
37,67.3566,0.6521,0.60109,0.97765,0.78129,0.74123,0.86687,0.61033,1.1867,1.50582,1.53121,0.000586765,0.000586765,0.000586765
38,69.0878,0.71697,0.62991,1.00034,0.75423,0.72284,0.86003,0.60443,1.19715,1.34619,1.49201,0.000583231,0.000583231,0.000583231
39,70.715,0.73022,0.64086,0.99498,0.76081,0.76953,0.8134,0.57863,1.19481,1.43388,1.49801,0.000579697,0.000579697,0.000579697
40,72.3737,0.69235,0.61473,0.9731,0.83123,0.74017,0.83911,0.60964,1.17275,1.38502,1.52732,0.000576162,0.000576162,0.000576162
41,73.9987,0.6451,0.60314,0.93815,0.83123,0.74017,0.83911,0.60964,1.17275,1.38502,1.52732,0.000572628,0.000572628,0.000572628
42,75.6711,0.69178,0.5825,0.97842,0.72575,0.81372,0.85939,0.62884,1.1887,1.51993,1.53611,0.000569094,0.000569094,0.000569094
43,77.5186,0.68236,0.5976,0.95781,0.74042,0.82044,0.88587,0.63343,1.15709,1.37486,1.50021,0.000565559,0.000565559,0.000565559
44,79.5657,0.68238,0.5686,0.97863,0.7596,0.75192,0.86149,0.62557,1.18308,1.39476,1.4982,0.000562025,0.000562025,0.000562025
45,81.2424,0.76181,0.61241,0.95448,0.7596,0.75192,0.86149,0.62557,1.18308,1.39476,1.4982,0.000558491,0.000558491,0.000558491
46,82.857,0.71515,0.60907,0.975,0.90347,0.71556,0.83804,0.59378,1.26211,1.35305,1.55171,0.000554956,0.000554956,0.000554956
47,84.5231,0.64203,0.57043,0.92759,0.85569,0.71944,0.84807,0.61095,1.18885,1.1655,1.47207,0.000551422,0.000551422,0.000551422
48,86.2324,0.66722,0.57034,0.95537,0.75477,0.70489,0.81906,0.62168,1.0519,1.16037,1.38962,0.000547888,0.000547888,0.000547888
49,87.9091,0.65431,0.5478,0.97778,0.75477,0.70489,0.81906,0.62168,1.0519,1.16037,1.38962,0.000544354,0.000544354,0.000544354
50,89.5459,0.63788,0.52405,0.93221,0.70334,0.71613,0.78438,0.59263,1.13216,1.29648,1.45604,0.000540819,0.000540819,0.000540819
51,91.2715,0.66554,0.51979,0.91104,0.74621,0.7367,0.80172,0.57313,1.22583,1.3747,1.51969,0.000537285,0.000537285,0.000537285
52,92.9314,0.65237,0.49646,0.95129,0.73117,0.74891,0.76774,0.56673,1.22116,1.35783,1.50388,0.000533751,0.000533751,0.000533751
53,94.5681,0.63263,0.50676,0.92498,0.73117,0.74891,0.76774,0.56673,1.22116,1.35783,1.50388,0.000530216,0.000530216,0.000530216
54,96.3159,0.64975,0.50377,0.98188,0.67453,0.74444,0.78422,0.60876,1.11857,1.35761,1.42475,0.000526682,0.000526682,0.000526682
55,97.996,0.61998,0.50629,0.93726,0.70275,0.74677,0.80631,0.60679,1.12805,1.3186,1.42641,0.000523148,0.000523148,0.000523148
56,99.6152,0.62702,0.48824,0.94091,0.64265,0.81497,0.79249,0.59013,1.1768,1.37485,1.47164,0.000519613,0.000519613,0.000519613
57,101.253,0.64149,0.53615,0.94803,0.64265,0.81497,0.79249,0.59013,1.1768,1.37485,1.47164,0.000516079,0.000516079,0.000516079
58,102.919,0.59887,0.4933,0.94322,0.69496,0.75027,0.76708,0.55662,1.22423,1.43363,1.5097,0.000512545,0.000512545,0.000512545
59,104.588,0.60542,0.50342,0.92383,0.72315,0.74757,0.75099,0.53646,1.25127,1.39373,1.55919,0.000509011,0.000509011,0.000509011
60,106.217,0.60717,0.48118,0.89787,0.76678,0.80712,0.76681,0.54357,1.26529,1.37243,1.62684,0.000505476,0.000505476,0.000505476
61,107.825,0.59163,0.48185,0.92259,0.76678,0.80712,0.76681,0.54357,1.26529,1.37243,1.62684,0.000501942,0.000501942,0.000501942
62,109.591,0.65362,0.53804,0.93583,0.77607,0.80609,0.77968,0.55676,1.27268,1.29981,1.67118,0.000498408,0.000498408,0.000498408
63,111.276,0.65741,0.50729,0.96667,0.74729,0.79879,0.80257,0.55886,1.26902,1.23643,1.66043,0.000494873,0.000494873,0.000494873
64,112.983,0.60092,0.4882,0.92969,0.73647,0.82054,0.80308,0.54244,1.27835,1.14494,1.6145,0.000491339,0.000491339,0.000491339
65,114.599,0.58956,0.47423,0.93166,0.73647,0.82054,0.80308,0.54244,1.27835,1.14494,1.6145,0.000487805,0.000487805,0.000487805
66,116.291,0.58952,0.46808,0.90789,0.75772,0.80246,0.80151,0.56778,1.25099,0.99354,1.55135,0.000484271,0.000484271,0.000484271
67,117.917,0.54926,0.44513,0.90101,0.70071,0.76056,0.78116,0.55344,1.30279,1.0938,1.55641,0.000480736,0.000480736,0.000480736
68,119.621,0.606,0.4565,0.93178,0.71192,0.72341,0.75983,0.52812,1.3082,1.22795,1.56622,0.000477202,0.000477202,0.000477202
69,121.207,0.57254,0.44276,0.90415,0.71192,0.72341,0.75983,0.52812,1.3082,1.22795,1.56622,0.000473668,0.000473668,0.000473668
70,122.865,0.6186,0.48392,0.97682,0.72786,0.74444,0.75395,0.54013,1.24786,1.16087,1.53977,0.000470133,0.000470133,0.000470133
71,124.46,0.59109,0.45374,0.93806,0.6487,0.80706,0.78913,0.57257,1.28743,1.13268,1.55286,0.000466599,0.000466599,0.000466599
72,126.128,0.60139,0.46803,0.91212,0.68618,0.72778,0.74796,0.52723,1.37633,1.17382,1.60864,0.000463065,0.000463065,0.000463065
73,127.726,0.5559,0.46747,0.93992,0.68618,0.72778,0.74796,0.52723,1.37633,1.17382,1.60864,0.00045953,0.00045953,0.00045953
74,129.406,0.59305,0.47589,0.91135,0.70378,0.80219,0.76895,0.54054,1.37302,1.14074,1.61882,0.000455996,0.000455996,0.000455996
75,131.044,0.58583,0.47281,0.91076,0.71423,0.81083,0.77471,0.52717,1.32532,1.1867,1.58799,0.000452462,0.000452462,0.000452462
76,132.695,0.53265,0.44965,0.92215,0.70938,0.88927,0.80633,0.55775,1.24897,1.09021,1.56773,0.000448928,0.000448928,0.000448928
77,134.343,0.58521,0.46015,0.92688,0.70938,0.88927,0.80633,0.55775,1.24897,1.09021,1.56773,0.000445393,0.000445393,0.000445393
78,136.012,0.58325,0.47667,0.94188,0.71256,0.88611,0.79983,0.55281,1.2547,1.03109,1.59297,0.000441859,0.000441859,0.000441859
79,137.631,0.56589,0.45039,0.88266,0.79686,0.81732,0.81171,0.55631,1.27217,1.00092,1.61206,0.000438325,0.000438325,0.000438325
80,139.364,0.56466,0.41753,0.91679,0.79125,0.81533,0.79524,0.54502,1.30146,1.13855,1.65301,0.00043479,0.00043479,0.00043479
81,140.954,0.50961,0.4165,0.88706,0.79125,0.81533,0.79524,0.54502,1.30146,1.13855,1.65301,0.000431256,0.000431256,0.000431256
82,142.654,0.54443,0.45927,0.91684,0.77054,0.81611,0.77613,0.55069,1.31224,1.14421,1.66298,0.000427722,0.000427722,0.000427722
83,144.347,0.54444,0.42766,0.91119,0.77209,0.81641,0.79744,0.56358,1.30872,1.05356,1.63937,0.000424187,0.000424187,0.000424187
84,146.02,0.52679,0.41149,0.89479,0.78569,0.81665,0.80379,0.55966,1.30463,1.11675,1.65002,0.000420653,0.000420653,0.000420653
85,147.712,0.53838,0.41098,0.88808,0.78569,0.81665,0.80379,0.55966,1.30463,1.11675,1.65002,0.000417119,0.000417119,0.000417119
86,149.336,0.54576,0.44176,0.92099,0.77265,0.83611,0.81813,0.56992,1.33619,1.14375,1.68541,0.000413584,0.000413584,0.000413584
87,150.946,0.55474,0.41613,0.94732,0.80214,0.79183,0.78922,0.57289,1.30619,1.12024,1.62877,0.00041005,0.00041005,0.00041005
88,152.609,0.56593,0.42309,0.92816,0.84777,0.78581,0.80168,0.58333,1.24598,1.06027,1.56092,0.000406516,0.000406516,0.000406516
89,154.232,0.55572,0.43226,0.92374,0.84777,0.78581,0.80168,0.58333,1.24598,1.06027,1.56092,0.000402982,0.000402982,0.000402982
90,155.891,0.52199,0.44373,0.91414,0.82207,0.79404,0.78471,0.5595,1.20791,1.04461,1.52909,0.000399447,0.000399447,0.000399447
91,157.588,0.53153,0.41345,0.89508,0.82086,0.80624,0.80719,0.60924,1.21321,1.10669,1.52914,0.000395913,0.000395913,0.000395913
92,159.255,0.50727,0.38305,0.87895,0.83703,0.80844,0.81753,0.60611,1.17892,1.02955,1.49814,0.000392379,0.000392379,0.000392379
93,160.91,0.51927,0.40555,0.90553,0.83703,0.80844,0.81753,0.60611,1.17892,1.02955,1.49814,0.000388844,0.000388844,0.000388844
94,162.569,0.52262,0.39438,0.90806,0.83563,0.81111,0.82877,0.63184,1.15006,0.96253,1.48129,0.00038531,0.00038531,0.00038531
95,164.228,0.47711,0.39697,0.88256,0.80051,0.8146,0.83178,0.62213,1.14563,1.00885,1.50435,0.000381776,0.000381776,0.000381776
96,165.914,0.52191,0.42267,0.91236,0.79525,0.81786,0.84356,0.62498,1.13916,0.99545,1.50717,0.000378242,0.000378242,0.000378242
97,167.561,0.50614,0.39971,0.90854,0.79525,0.81786,0.84356,0.62498,1.13916,0.99545,1.50717,0.000374707,0.000374707,0.000374707
98,169.245,0.49925,0.38885,0.89626,0.79451,0.81912,0.84135,0.61604,1.1277,0.99466,1.49702,0.000371173,0.000371173,0.000371173
99,170.967,0.49187,0.40036,0.88576,0.79294,0.81842,0.85676,0.63251,1.15518,1.11848,1.48713,0.000367639,0.000367639,0.000367639
100,172.624,0.53134,0.46495,0.92963,0.77912,0.81805,0.86035,0.65121,1.17792,1.15784,1.47894,0.000364104,0.000364104,0.000364104
101,175.031,0.49561,0.41216,0.90844,0.77912,0.81805,0.86035,0.65121,1.17792,1.15784,1.47894,0.00036057,0.00036057,0.00036057
102,177.428,0.47171,0.36607,0.88126,0.77176,0.81959,0.85291,0.62239,1.20384,1.18215,1.49561,0.000357036,0.000357036,0.000357036
103,179.145,0.46773,0.37598,0.87254,0.77219,0.82272,0.85005,0.61333,1.23703,1.15612,1.54731,0.000353501,0.000353501,0.000353501
104,180.972,0.46286,0.35286,0.86201,0.77276,0.82719,0.84599,0.60539,1.25114,1.11715,1.57886,0.000349967,0.000349967,0.000349967
105,183.713,0.51978,0.40439,0.92947,0.77276,0.82719,0.84599,0.60539,1.25114,1.11715,1.57886,0.000346433,0.000346433,0.000346433
106,185.458,0.49171,0.39275,0.88396,0.77318,0.82999,0.83693,0.59617,1.25118,1.10814,1.58005,0.000342899,0.000342899,0.000342899
107,187.163,0.45989,0.38895,0.88452,0.78871,0.82878,0.84508,0.59816,1.2245,1.08531,1.54512,0.000339364,0.000339364,0.000339364
108,188.847,0.44086,0.3616,0.88514,0.80048,0.83577,0.82591,0.59363,1.22202,1.06085,1.54323,0.00033583,0.00033583,0.00033583
109,190.437,0.47374,0.36799,0.87839,0.80048,0.83577,0.82591,0.59363,1.22202,1.06085,1.54323,0.000332296,0.000332296,0.000332296
110,192.071,0.45856,0.36599,0.86714,0.80082,0.83611,0.82095,0.56335,1.22181,1.01245,1.56299,0.000328761,0.000328761,0.000328761
111,193.77,0.43827,0.36119,0.86149,0.79338,0.82446,0.81998,0.57312,1.23021,1.03402,1.57212,0.000325227,0.000325227,0.000325227
112,195.476,0.47373,0.37183,0.88889,0.78671,0.82309,0.83392,0.60558,1.22467,1.03875,1.5657,0.000321693,0.000321693,0.000321693
113,197.131,0.50658,0.40422,0.93391,0.78671,0.82309,0.83392,0.60558,1.22467,1.03875,1.5657,0.000318158,0.000318158,0.000318158
114,198.747,0.46893,0.36062,0.88465,0.78825,0.8267,0.83979,0.6152,1.19183,1.02934,1.56818,0.000314624,0.000314624,0.000314624
115,200.412,0.45717,0.37176,0.8637,0.78653,0.83611,0.83985,0.60218,1.1963,1.04956,1.57376,0.00031109,0.00031109,0.00031109
116,202.073,0.4612,0.34514,0.85988,0.78384,0.81746,0.87419,0.63258,1.22112,1.14111,1.57714,0.000307555,0.000307555,0.000307555
117,203.695,0.46819,0.39338,0.8707,0.78384,0.81746,0.87419,0.63258,1.22112,1.14111,1.57714,0.000304021,0.000304021,0.000304021
118,205.344,0.44756,0.38017,0.88667,0.78068,0.80807,0.87262,0.62698,1.23339,1.19391,1.57497,0.000300487,0.000300487,0.000300487
119,207.011,0.43093,0.34611,0.85948,0.77854,0.80846,0.86776,0.63265,1.21602,1.24978,1.54657,0.000296953,0.000296953,0.000296953
120,208.742,0.44299,0.33537,0.88653,0.77438,0.81111,0.81488,0.59621,1.21446,1.3496,1.53965,0.000293418,0.000293418,0.000293418
121,210.346,0.43061,0.34079,0.86111,0.77438,0.81111,0.81488,0.59621,1.21446,1.3496,1.53965,0.000289884,0.000289884,0.000289884
122,212.06,0.47239,0.35159,0.88718,0.78661,0.81111,0.79982,0.58394,1.23294,1.34865,1.54659,0.00028635,0.00028635,0.00028635
123,213.736,0.45947,0.35873,0.88141,0.79709,0.81111,0.84124,0.60754,1.25858,1.32933,1.57737,0.000282815,0.000282815,0.000282815
124,215.415,0.42573,0.31998,0.85321,0.80412,0.81111,0.8277,0.59422,1.24939,1.27032,1.5931,0.000279281,0.000279281,0.000279281
125,217.009,0.44194,0.34488,0.88449,0.80412,0.81111,0.8277,0.59422,1.24939,1.27032,1.5931,0.000275747,0.000275747,0.000275747
126,218.66,0.46272,0.34609,0.89064,0.8103,0.80753,0.8437,0.61464,1.22157,1.23323,1.5868,0.000272212,0.000272212,0.000272212
127,220.336,0.44134,0.35505,0.90104,0.79489,0.78889,0.87868,0.63532,1.19323,1.22017,1.57196,0.000268678,0.000268678,0.000268678
128,222.005,0.432,0.32933,0.89631,0.69195,0.91334,0.892,0.63444,1.20683,1.18002,1.56764,0.000265144,0.000265144,0.000265144
129,223.665,0.42739,0.31538,0.84805,0.69195,0.91334,0.892,0.63444,1.20683,1.18002,1.56764,0.00026161,0.00026161,0.00026161
130,225.393,0.41374,0.34507,0.86885,0.77641,0.78889,0.87532,0.62611,1.20407,1.13676,1.55395,0.000258075,0.000258075,0.000258075
131,227.079,0.47708,0.35619,0.91827,0.76836,0.80943,0.87996,0.63104,1.22659,1.1597,1.56646,0.000254541,0.000254541,0.000254541
132,228.808,0.43154,0.33071,0.87918,0.75786,0.80575,0.88462,0.61618,1.25204,1.14084,1.59545,0.000251007,0.000251007,0.000251007
133,230.468,0.38619,0.29703,0.86567,0.75786,0.80575,0.88462,0.61618,1.25204,1.14084,1.59545,0.000247472,0.000247472,0.000247472
134,232.24,0.43297,0.31894,0.85384,0.78896,0.75609,0.87743,0.60273,1.29838,1.15739,1.6631,0.000243938,0.000243938,0.000243938
135,233.935,0.41973,0.3316,0.85746,0.75036,0.82003,0.90179,0.60878,1.30427,1.14229,1.68862,0.000240404,0.000240404,0.000240404
136,235.658,0.44345,0.33845,0.88296,0.75109,0.82081,0.90081,0.61541,1.29651,1.12285,1.68988,0.000236869,0.000236869,0.000236869
137,237.294,0.40545,0.30985,0.84275,0.75109,0.82081,0.90081,0.61541,1.29651,1.12285,1.68988,0.000233335,0.000233335,0.000233335
138,238.994,0.4146,0.3031,0.86293,0.74697,0.82424,0.88342,0.65034,1.29199,1.12324,1.68264,0.000229801,0.000229801,0.000229801
139,240.664,0.4469,0.3435,0.86337,0.74695,0.83,0.8464,0.61312,1.29542,1.14037,1.6784,0.000226267,0.000226267,0.000226267
140,242.343,0.39962,0.30825,0.86281,0.74847,0.81094,0.83772,0.61925,1.29222,1.16329,1.67181,0.000222732,0.000222732,0.000222732
141,244.02,0.41488,0.33261,0.8773,0.74847,0.81094,0.83772,0.61925,1.29222,1.16329,1.67181,0.000219198,0.000219198,0.000219198
142,245.749,0.40771,0.33596,0.87808,0.75608,0.81156,0.82389,0.62141,1.28178,1.17295,1.66773,0.000215664,0.000215664,0.000215664
143,247.399,0.39072,0.30948,0.86708,0.76625,0.80721,0.80695,0.58588,1.25867,1.21154,1.65423,0.000212129,0.000212129,0.000212129
144,249.042,0.40039,0.30702,0.8667,0.77753,0.80005,0.79974,0.59198,1.25171,1.23935,1.64535,0.000208595,0.000208595,0.000208595
145,250.684,0.3991,0.30643,0.8654,0.77753,0.80005,0.79974,0.59198,1.25171,1.23935,1.64535,0.000205061,0.000205061,0.000205061
146,252.335,0.38381,0.30661,0.86476,0.78164,0.79593,0.80719,0.59056,1.27549,1.23127,1.63807,0.000201527,0.000201527,0.000201527
147,253.974,0.40977,0.30677,0.87648,0.77938,0.80781,0.78526,0.58272,1.30344,1.20345,1.64454,0.000197992,0.000197992,0.000197992
148,255.633,0.37872,0.29009,0.83576,0.76501,0.8191,0.78848,0.57989,1.30588,1.18618,1.63513,0.000194458,0.000194458,0.000194458
149,257.278,0.3932,0.30547,0.85518,0.76501,0.8191,0.78848,0.57989,1.30588,1.18618,1.63513,0.000190924,0.000190924,0.000190924
150,258.95,0.38115,0.30631,0.8774,0.75586,0.8213,0.79009,0.58102,1.30227,1.20963,1.6397,0.000187389,0.000187389,0.000187389
151,260.647,0.39357,0.3062,0.85062,0.73261,0.82328,0.82896,0.60035,1.29606,1.23517,1.64661,0.000183855,0.000183855,0.000183855
152,262.331,0.39459,0.303,0.8693,0.72061,0.82749,0.8288,0.58679,1.28558,1.24568,1.65154,0.000180321,0.000180321,0.000180321
153,263.987,0.41674,0.31976,0.85623,0.72061,0.82749,0.8288,0.58679,1.28558,1.24568,1.65154,0.000176786,0.000176786,0.000176786
154,265.647,0.38556,0.28294,0.86213,0.7156,0.82946,0.83012,0.5852,1.28494,1.257,1.65107,0.000173252,0.000173252,0.000173252
155,267.249,0.39108,0.28698,0.83381,0.71799,0.81908,0.83422,0.58542,1.27739,1.25687,1.64207,0.000169718,0.000169718,0.000169718
156,268.899,0.36683,0.29615,0.87,0.71744,0.8127,0.84609,0.59496,1.27065,1.25125,1.62291,0.000166183,0.000166183,0.000166183
157,270.514,0.34943,0.26937,0.844,0.71744,0.8127,0.84609,0.59496,1.27065,1.25125,1.62291,0.000162649,0.000162649,0.000162649
158,272.164,0.38761,0.30529,0.86462,0.71584,0.81092,0.84818,0.60527,1.2632,1.26808,1.61406,0.000159115,0.000159115,0.000159115
159,273.794,0.3705,0.28179,0.83459,0.7248,0.80286,0.8518,0.60675,1.26727,1.31109,1.61213,0.000155581,0.000155581,0.000155581
160,275.563,0.38077,0.28783,0.84217,0.72891,0.81008,0.84376,0.60072,1.25409,1.30479,1.60363,0.000152046,0.000152046,0.000152046
161,277.203,0.38683,0.29489,0.86294,0.72891,0.81008,0.84376,0.60072,1.25409,1.30479,1.60363,0.000148512,0.000148512,0.000148512
162,278.855,0.37819,0.30135,0.88684,0.73259,0.80988,0.84563,0.60112,1.23974,1.32455,1.59522,0.000144978,0.000144978,0.000144978
163,280.483,0.36267,0.28411,0.84176,0.74148,0.80661,0.84915,0.60365,1.22395,1.30851,1.58572,0.000141443,0.000141443,0.000141443
164,282.207,0.33815,0.26385,0.83104,0.74846,0.80378,0.85629,0.60784,1.23435,1.3379,1.58529,0.000137909,0.000137909,0.000137909
165,283.829,0.36667,0.28116,0.83579,0.74846,0.80378,0.85629,0.60784,1.23435,1.3379,1.58529,0.000134375,0.000134375,0.000134375
166,286.048,0.36148,0.29107,0.87782,0.75428,0.79894,0.82443,0.5851,1.22978,1.30739,1.58333,0.000130841,0.000130841,0.000130841
167,287.908,0.34661,0.27153,0.84251,0.75326,0.80339,0.82327,0.59408,1.22201,1.29263,1.58065,0.000127306,0.000127306,0.000127306
168,289.581,0.34239,0.26111,0.83634,0.74844,0.81224,0.82508,0.58992,1.21477,1.27992,1.5769,0.000123772,0.000123772,0.000123772
169,291.305,0.33045,0.25775,0.84006,0.74844,0.81224,0.82508,0.58992,1.21477,1.27992,1.5769,0.000120238,0.000120238,0.000120238
170,292.993,0.34704,0.26044,0.83927,0.74176,0.82521,0.8227,0.59793,1.21486,1.26387,1.58136,0.000116703,0.000116703,0.000116703
171,294.684,0.34013,0.26983,0.83235,0.73903,0.8304,0.8203,0.58983,1.22494,1.25468,1.59457,0.000113169,0.000113169,0.000113169
172,296.361,0.33297,0.25756,0.83492,0.74338,0.82678,0.81818,0.59269,1.23267,1.25108,1.58952,0.000109635,0.000109635,0.000109635
173,297.973,0.3423,0.28791,0.85029,0.74338,0.82678,0.81818,0.59269,1.23267,1.25108,1.58952,0.0001061,0.0001061,0.0001061
174,299.655,0.34766,0.26901,0.84635,0.74874,0.82563,0.82572,0.60906,1.23615,1.23477,1.57852,0.000102566,0.000102566,0.000102566
175,301.365,0.30458,0.2426,0.84284,0.75583,0.82542,0.82767,0.60412,1.23904,1.20678,1.57449,9.90318e-05,9.90318e-05,9.90318e-05
176,303.041,0.34061,0.26086,0.83397,0.76209,0.82313,0.82756,0.59739,1.24559,1.17315,1.5762,9.54975e-05,9.54975e-05,9.54975e-05
177,304.669,0.33475,0.26389,0.8159,0.76209,0.82313,0.82756,0.59739,1.24559,1.17315,1.5762,9.19632e-05,9.19632e-05,9.19632e-05
178,306.358,0.33477,0.27894,0.86967,0.76703,0.82166,0.83024,0.60395,1.25602,1.15018,1.58785,8.84289e-05,8.84289e-05,8.84289e-05
179,308.069,0.35826,0.27281,0.83991,0.77166,0.82056,0.82919,0.60099,1.27199,1.13706,1.61058,8.48946e-05,8.48946e-05,8.48946e-05
180,309.758,0.32444,0.26577,0.83394,0.77481,0.82041,0.82999,0.60049,1.28323,1.13108,1.62876,8.13603e-05,8.13603e-05,8.13603e-05
181,311.449,0.33133,0.27975,0.8358,0.77481,0.82041,0.82999,0.60049,1.28323,1.13108,1.62876,7.7826e-05,7.7826e-05,7.7826e-05
182,313.146,0.34573,0.3134,0.86223,0.7758,0.82106,0.83372,0.60028,1.28859,1.10825,1.62993,7.42917e-05,7.42917e-05,7.42917e-05
183,314.83,0.33716,0.271,0.8604,0.77772,0.82108,0.83518,0.60207,1.28453,1.09467,1.62191,7.07574e-05,7.07574e-05,7.07574e-05
184,316.477,0.34679,0.29109,0.87023,0.77884,0.82128,0.84028,0.60162,1.27214,1.08269,1.60682,6.72231e-05,6.72231e-05,6.72231e-05
185,318.072,0.32964,0.26849,0.85079,0.77884,0.82128,0.84028,0.60162,1.27214,1.08269,1.60682,6.36888e-05,6.36888e-05,6.36888e-05
186,319.711,0.33261,0.26944,0.8298,0.77925,0.82103,0.84059,0.60216,1.26595,1.0793,1.60269,6.01545e-05,6.01545e-05,6.01545e-05
187,321.341,0.35207,0.27122,0.83074,0.77954,0.82083,0.84059,0.61522,1.25641,1.08497,1.5951,5.66202e-05,5.66202e-05,5.66202e-05
188,323.028,0.33997,0.25833,0.84145,0.77898,0.82155,0.84028,0.61534,1.24816,1.1152,1.5879,5.30859e-05,5.30859e-05,5.30859e-05
189,324.717,0.35169,0.27015,0.85127,0.77898,0.82155,0.84028,0.61534,1.24816,1.1152,1.5879,4.95516e-05,4.95516e-05,4.95516e-05
190,326.42,0.33433,0.25904,0.83332,0.77841,0.82136,0.8349,0.6011,1.24764,1.13615,1.58662,4.60173e-05,4.60173e-05,4.60173e-05
191,328.943,0.33682,0.25443,0.83567,0.77693,0.82406,0.83462,0.60346,1.24365,1.15806,1.59088,4.2483e-05,4.2483e-05,4.2483e-05
192,330.642,0.32218,0.2402,0.82051,0.77438,0.82962,0.83462,0.60692,1.24629,1.14363,1.59666,3.89487e-05,3.89487e-05,3.89487e-05
193,332.226,0.31506,0.23576,0.8232,0.77438,0.82962,0.83462,0.60692,1.24629,1.14363,1.59666,3.54144e-05,3.54144e-05,3.54144e-05
194,333.935,0.29835,0.23184,0.82246,0.77715,0.83561,0.83462,0.60296,1.24892,1.14326,1.60064,3.18801e-05,3.18801e-05,3.18801e-05
195,335.575,0.30065,0.22773,0.8339,0.77849,0.83611,0.83414,0.60208,1.24321,1.13686,1.5954,2.83458e-05,2.83458e-05,2.83458e-05
196,337.337,0.27713,0.22928,0.80924,0.77927,0.83537,0.83414,0.61037,1.24591,1.14048,1.59947,2.48115e-05,2.48115e-05,2.48115e-05
197,339,0.31198,0.24033,0.824,0.77927,0.83537,0.83414,0.61037,1.24591,1.14048,1.59947,2.12772e-05,2.12772e-05,2.12772e-05
198,340.688,0.25513,0.21434,0.77679,0.77726,0.83162,0.83414,0.61152,1.25379,1.1291,1.60267,1.77429e-05,1.77429e-05,1.77429e-05
199,342.343,0.30145,0.22894,0.8546,0.77584,0.83129,0.83414,0.59923,1.2631,1.1293,1.61105,1.42086e-05,1.42086e-05,1.42086e-05
200,343.98,0.27051,0.21095,0.79612,0.77413,0.83087,0.83375,0.59542,1.26854,1.1359,1.61591,1.06743e-05,1.06743e-05,1.06743e-05
